Category,Brand,Name,Price,Image,Link,,,,,,,,,,Sections Home
Maneral,WNS,Explore DX 25,81.15,https://www.alternativess.com/images/wnsexp.jpg,https://www.alternativess.com/cgi-bin/htmlos.cgi/0018738.3.24286582511116105936/WNSEXP,,,,,,,,,,Most popular/Best sellers
Maneral,Samick,Samick Avante 25,104,https://www.alternativess.com/images/samav18.jpg,https://www.alternativess.com/cgi-bin/htmlos.cgi/0032890.3.25489377687411009454/SAMAV,,,,,,,,,,New arrivals
Maneral,WNS,Motive FX 25,205.86,https://www.alternativess.com/images/wnsmot.jpg,https://www.alternativess.com/cgi-bin/htmlos.cgi/0018738.3.31917462066716105936/WNSMOT,,,,,,,,,,For sale
Maneral,Sanlida,Myth II X10,239.9,https://www.alternativess.com/images/sanmyth.jpg,https://www.alternativess.com/cgi-bin/htmlos.cgi/0018738.10.22292614209116105936/SANMYTH,,,,,,,,,,
Mira,Avalon,Tec X,64.52,https://www.alternativess.com/images/avtxor.jpg,https://www.alternativess.com/cgi-bin/htmlos.cgi/0018738.16.22526802568716105936/AVTXOR,,,,,,,,,,
Mira,Shibuya,Dual Click,134.43,https://www.alternativess.com/images/shibdc19.jpg,https://www.alternativess.com/cgi-bin/htmlos.cgi/0018738.16.24646910608816105936/SHIBDC19,,,,,,,,,,
Ramas,WNS,Explore B1,80.12,https://www.alternativess.com/images/wnsexpb1.jpg,https://www.alternativess.com/cgi-bin/htmlos.cgi/0018738.21.23795345930216105936/WNSEXPB1,,,,,,,,,,
Ramas,WNS,Explore W1,80.12,https://www.alternativess.com/images/wnsexpl.jpg,https://www.alternativess.com/cgi-bin/htmlos.cgi/0018738.21.24029825997016105936/WNSEXPL,,,,,,,,,,
Ramas,Kinetic,Honoric CW,106.37,https://www.alternativess.com/images/kinhoncw1.jpg,https://www.alternativess.com/cgi-bin/htmlos.cgi/0018738.21.27074338212816105936/KINHONCW,,,,,,,,,,
Repisa,Avalon,Tec One,8.63,https://www.alternativess.com/images/avt1mr.jpg,https://www.alternativess.com/cgi-bin/htmlos.cgi/0018738.28.24330013415816105936/AVT1MR,,,,,,,,,,
Repisa,Shibuya,Ultima,35.06,https://www.alternativess.com/images/shiburbk.jpg,https://www.alternativess.com/cgi-bin/htmlos.cgi/0018738.28.30721391259116105936/SHIBREST,,,,,,,,,,
Bot√≥n,Shibuya,DX,26.75,https://www.alternativess.com/images/shibdxbk.jpg,https://www.alternativess.com/cgi-bin/htmlos.cgi/0018738.32.20324866819616105936/SHIBBUT,,,,,,,,,,
Mochila,Easton,Club XT,59.1,https://www.alternativess.com/images/eclubxt.jpg,https://www.alternativess.com/cgi-bin/htmlos.cgi/0018738.42.17785231213316105936/ECXTBP,,,,,,,,,,
Carcaj,Avalon,A3,9.33,https://www.alternativess.com/images/ava3qbs.jpg,https://www.alternativess.com/cgi-bin/htmlos.cgi/0018738.35.21619414428216105936/AVA3Q,,,,,,,,,,
Tab,Avalon,Tec One Prime,14.22,https://www.alternativess.com/images/avtptab.jpg,https://www.alternativess.com/cgi-bin/htmlos.cgi/0018738.38.22598220119716105936/AVTPTAB,,,,,,,,,,
Tab,Cartel,Smart,14.4,https://www.alternativess.com/images/dssmart.jpg,https://www.alternativess.com/cgi-bin/htmlos.cgi/0018738.38.22954031140916105936/DSSTAB,,,,,,,,,,
Flechas,Avalon,Carbon Hybrid,43.35,https://www.alternativess.com/images/avhyarr1.jpg,https://www.alternativess.com/cgi-bin/htmlos.cgi/0046171.4.17473873410618005060/AVHYARR,,,,,,,,,,
Flechas,Easton,Jazz Black,72.21,https://www.alternativess.com/images/ejbarr.jpg,https://www.alternativess.com/cgi-bin/htmlos.cgi/0046171.4.19084508106618005060/EJBARR,,,,,,,,,,
Flechas,Avalon,Classic,48.62,https://www.alternativess.com/images/avclarr1.jpg,https://www.alternativess.com/cgi-bin/htmlos.cgi/0036346.4.18139948548817566674/AVCLARR,,,,,,,,,,